PLZ;GA_Name
1000;Lausanne/La C.
1003;Lausanne/La C.
1004;Lausanne/La C.
1005;Lausanne/La C.
1006;Lausanne/La C.
1007;Lausanne/La C.
1008;Lausanne/La C.
1009;Lausanne/La C.
1010;Lausanne/La C.
1011;Lausanne/La C.
1012;Lausanne/La C.
1014;Lausanne/La C.
1015;Lausanne/La C.
1017;Lausanne/La C.
1018;Lausanne/La C.
1020;Lausanne/La C.
1022;Lausanne/La C.
1023;Lausanne/La C.
1024;Lausanne/La C.
1025;Lausanne/La C.
1026;Lausanne/La C.
1027;Lausanne/La C.
1028;Lausanne/La C.
1029;Lausanne/La C.
1030;Lausanne/La C.
1031;Riviera/Nord V.
1032;Lausanne/La C.
1033;Lausanne/La C.
1034;Riviera/Nord V.
1035;Riviera/Nord V.
1036;Riviera/Nord V.
1037;Riviera/Nord V.
1038;Riviera/Nord V.
1039;Lausanne/La C.
1040;Riviera/Nord V.
1041;Riviera/Nord V.
1042;Riviera/Nord V.
1043;Riviera/Nord V.
1044;Riviera/Nord V.
1045;Riviera/Nord V.
1046;Riviera/Nord V.
1047;Riviera/Nord V.
1052;Lausanne/La C.
1053;Lausanne/La C.
;Riviera/Nord V.
1054;Riviera/Nord V.
1055;Riviera/Nord V.
1058;Riviera/Nord V.
1059;Riviera/Nord V.
1061;Riviera/Nord V.
1062;Riviera/Nord V.
1063;Riviera/Nord V.
1066;Lausanne/La C.
1068;Riviera/Nord V.
1070;Riviera/Nord V.
1071;Riviera/Nord V.
1072;Riviera/Nord V.
1073;Riviera/Nord V.
1076;Riviera/Nord V.
1077;Riviera/Nord V.
1078;Riviera/Nord V.
1080;Riviera/Nord V.
1081;Riviera/Nord V.
1082;Riviera/Nord V.
1083;Riviera/Nord V.
1084;Riviera/Nord V.
1085;Riviera/Nord V.
1088;Riviera/Nord V.
1090;Riviera/Nord V.
1091;Riviera/Nord V.
1092;Riviera/Nord V.
1093;Riviera/Nord V.
1094;Lausanne/La C.
1095;Riviera/Nord V.
1096;Riviera/Nord V.
1097;Riviera/Nord V.
1098;Riviera/Nord V.
1099;Riviera/Nord V.
1110;Lausanne/La C.
1112;Lausanne/La C.
1113;Lausanne/La C.
1114;Lausanne/La C.
1115;Lausanne/La C.
1116;Riviera/Nord V.
1117;Riviera/Nord V.
1121;Lausanne/La C.
1122;Lausanne/La C.
1123;Lausanne/La C.
1124;Riviera/Nord V.
1125;Lausanne/La C.
1126;Lausanne/La C.
1127;Lausanne/La C.
1128;Lausanne/La C.
1131;Lausanne/La C.
1132;Lausanne/La C.
1134;Lausanne/La C.
1135;Lausanne/La C.
1136;Lausanne/La C.
1141;Riviera/Nord V.
1142;Riviera/Nord V.
1143;Lausanne/La C.
1144;Lausanne/La C.
1145;Lausanne/La C.
1146;Lausanne/La C.
1147;Riviera/Nord V.
1148;Riviera/Nord V.
1149;Lausanne/La C.
1162;Lausanne/La C.
1163;Lausanne/La C.
1164;Lausanne/La C.
1165;Lausanne/La C.
1166;Lausanne/La C.
1167;Lausanne/La C.
1168;Lausanne/La C.
1169;Lausanne/La C.
1170;Lausanne/La C.
1172;Lausanne/La C.
1173;Lausanne/La C.
1174;Lausanne/La C.
1175;Lausanne/La C.
1176;Lausanne/La C.
1180;Lausanne/La C.
1182;Lausanne/La C.
1183;Lausanne/La C.
1184;Lausanne/La C.
1185;Lausanne/La C.
1186;Lausanne/La C.
1187;Lausanne/La C.
1188;Lausanne/La C.
1189;Lausanne/La C.
1195;Lausanne/La C.
1196;Lausanne/La C.
1197;Lausanne/La C.
1200;Genève
1201;Genève
1202;Genève
1203;Genève
1204;Genève
1205;Genève
1206;Genève
1207;Genève
1208;Genève
1209;Genève
1211;Genève
1212;Genève
1213;Genève
1214;Genève
1215;Genève
1216;Genève
1217;Genève
1218;Genève
1219;Genève
1220;Genève
1222;Genève
1223;Genève
1224;Genève
1225;Genève
1226;Genève
1227;Genève
1228;Genève
1231;Genève
1232;Genève
1233;Genève
1234;Genève
1236;Genève
1237;Genève
1239;Genève
1240;Genève
1241;Genève
1242;Genève
1243;Genève
1244;Genève
1245;Genève
1246;Genève
1247;Genève
1248;Genève
1251;Genève
1252;Genève
1253;Genève
1254;Genève
1255;Genève
1256;Genève
1257;Genève
1258;Genève
1260;Lausanne/La C.
1261;Lausanne/La C.
1262;Lausanne/La C.
1263;Lausanne/La C.
1264;Lausanne/La C.
1265;Lausanne/La C.
1266;Lausanne/La C.
1267;Lausanne/La C.
1268;Lausanne/La C.
1269;Lausanne/La C.
1270;Lausanne/La C.
1271;Lausanne/La C.
1272;Lausanne/La C.
1273;Lausanne/La C.
1274;Lausanne/La C.
1275;Lausanne/La C.
1276;Lausanne/La C.
1277;Lausanne/La C.
1278;Lausanne/La C.
1279;Lausanne/La C.
1281;Genève
1283;Genève
1284;Genève
1285;Genève
1286;Genève
1287;Genève
1288;Genève
1290;Genève
;Lausanne/La C.
1291;Lausanne/La C.
1292;Genève
1293;Genève
1294;Genève
1295;Lausanne/La C.
1296;Lausanne/La C.
1297;Lausanne/La C.
1298;Lausanne/La C.
1299;Lausanne/La C.
1302;Riviera/Nord V.
1303;Riviera/Nord V.
1304;Riviera/Nord V.
1305;Riviera/Nord V.
1306;Riviera/Nord V.
1307;Riviera/Nord V.
1308;Riviera/Nord V.
1312;Riviera/Nord V.
1313;Riviera/Nord V.
1315;Riviera/Nord V.
1316;Riviera/Nord V.
1317;Riviera/Nord V.
1318;Riviera/Nord V.
1321;Riviera/Nord V.
1322;Riviera/Nord V.
1323;Riviera/Nord V.
1324;Riviera/Nord V.
1325;Riviera/Nord V.
1326;Riviera/Nord V.
1329;Riviera/Nord V.
1337;Riviera/Nord V.
1338;Riviera/Nord V.
1341;Riviera/Nord V.
1342;Riviera/Nord V.
1343;Riviera/Nord V.
1344;Riviera/Nord V.
1345;Riviera/Nord V.
1346;Riviera/Nord V.
1347;Riviera/Nord V.
1348;Riviera/Nord V.
1350;Riviera/Nord V.
1352;Riviera/Nord V.
1353;Riviera/Nord V.
1354;Riviera/Nord V.
1355;Riviera/Nord V.
1356;Riviera/Nord V.
1357;Riviera/Nord V.
1358;Riviera/Nord V.
1372;Riviera/Nord V.
1373;Riviera/Nord V.
1374;Riviera/Nord V.
1375;Riviera/Nord V.
1376;Riviera/Nord V.
1377;Riviera/Nord V.
1400;Riviera/Nord V.
1404;Riviera/Nord V.
1405;Riviera/Nord V.
1406;Riviera/Nord V.
1407;Riviera/Nord V.
1408;Riviera/Nord V.
1409;Riviera/Nord V.
1410;Riviera/Nord V.
1412;Riviera/Nord V.
1413;Riviera/Nord V.
1415;Riviera/Nord V.
1416;Riviera/Nord V.
1417;Riviera/Nord V.
1418;Riviera/Nord V.
1420;Riviera/Nord V.
1421;Riviera/Nord V.
1422;Riviera/Nord V.
1423;Riviera/Nord V.
1424;Riviera/Nord V.
1425;Riviera/Nord V.
1426;Riviera/Nord V.
1427;Riviera/Nord V.
1428;Riviera/Nord V.
1429;Riviera/Nord V.
1430;Riviera/Nord V.
1431;Riviera/Nord V.
1432;Riviera/Nord V.
1433;Riviera/Nord V.
1434;Riviera/Nord V.
1435;Riviera/Nord V.
1436;Riviera/Nord V.
1437;Riviera/Nord V.
1438;Riviera/Nord V.
1439;Riviera/Nord V.
1441;Riviera/Nord V.
1442;Riviera/Nord V.
1443;Riviera/Nord V.
1445;Riviera/Nord V.
1446;Riviera/Nord V.
1450;Riviera/Nord V.
1452;Riviera/Nord V.
1453;Riviera/Nord V.
1454;Riviera/Nord V.
1462;Riviera/Nord V.
1463;Riviera/Nord V.
1464;Riviera/Nord V.
1468;Riviera/Nord V.
1470;Riviera/Nord V.
1473;Riviera/Nord V.
1474;Riviera/Nord V.
1475;Riviera/Nord V.
1482;Riviera/Nord V.
1483;Riviera/Nord V.
1484;Riviera/Nord V.
1485;Riviera/Nord V.
1486;Riviera/Nord V.
1489;Riviera/Nord V.
1509;Riviera/Nord V.
1510;Riviera/Nord V.
1512;Riviera/Nord V.
1513;Riviera/Nord V.
1514;Riviera/Nord V.
1515;Riviera/Nord V.
1521;Riviera/Nord V.
1522;Riviera/Nord V.
1523;Riviera/Nord V.
1524;Riviera/Nord V.
1525;Riviera/Nord V.
1526;Riviera/Nord V.
1527;Riviera/Nord V.
1528;Riviera/Nord V.
1529;Riviera/Nord V.
1530;Riviera/Nord V.
1532;Riviera/Nord V.
1533;Riviera/Nord V.
1534;Riviera/Nord V.
1535;Riviera/Nord V.
1536;Riviera/Nord V.
1537;Riviera/Nord V.
1538;Riviera/Nord V.
1541;Riviera/Nord V.
1542;Riviera/Nord V.
1543;Riviera/Nord V.
1544;Riviera/Nord V.
1545;Riviera/Nord V.
1551;Riviera/Nord V.
1552;Riviera/Nord V.
1553;Fribourg
1554;Riviera/Nord V.
1555;Riviera/Nord V.
1562;Riviera/Nord V.
1563;Fribourg
1564;Fribourg
1565;Riviera/Nord V.
1566;Fribourg
1567;Fribourg
1568;Fribourg
1580;Fribourg
1582;Fribourg
1583;Fribourg
1584;Fribourg
1585;Fribourg
1586;Fribourg
1587;Fribourg
1588;Fribourg
1589;Fribourg
1595;Fribourg
1607;Riviera/Nord V.
1608;Riviera/Nord V.
1609;Fribourg
1610;Riviera/Nord V.
1611;Fribourg
1612;Riviera/Nord V.
1613;Riviera/Nord V.
1614;Fribourg
1615;Fribourg
1616;Fribourg
1617;Fribourg
1618;Fribourg
1619;Fribourg
1623;Fribourg
1624;Fribourg
1625;Fribourg
1626;Fribourg
1627;Fribourg
1628;Fribourg
1630;Fribourg
1632;Fribourg
1633;Fribourg
1634;Fribourg
1635;Fribourg
1636;Fribourg
1637;Fribourg
1638;Fribourg
1642;Fribourg
1643;Fribourg
1644;Fribourg
1645;Fribourg
1646;Fribourg
1647;Fribourg
1648;Fribourg
1649;Fribourg
1651;Fribourg
1652;Fribourg
1653;Fribourg
1654;Fribourg
1656;Bern/D.-FR
1657;Bern/D.-FR
1658;Fribourg
1659;Fribourg
1660;Fribourg
1661;Fribourg
1663;Fribourg
1665;Fribourg
1666;Fribourg
1667;Fribourg
1669;Fribourg
1670;Fribourg
1673;Fribourg
1674;Fribourg
1675;Fribourg
1676;Fribourg
1677;Fribourg
1678;Fribourg
1679;Fribourg
1680;Fribourg
1681;Fribourg
1682;Riviera/Nord V.
1683;Riviera/Nord V.
1684;Fribourg
1685;Fribourg
1686;Fribourg
1687;Fribourg
1688;Fribourg
1689;Fribourg
1690;Fribourg
1691;Fribourg
1692;Fribourg
1694;Fribourg
1695;Fribourg
1696;Fribourg
1697;Fribourg
1699;Fribourg
1700;Fribourg
1708;Fribourg
1712;Bern/D.-FR
1713;Bern/D.-FR
1714;Bern/D.-FR
1715;Bern/D.-FR
1716;Bern/D.-FR
1717;Bern/D.-FR
1718;Bern/D.-FR
1719;Bern/D.-FR
1720;Fribourg
1721;Fribourg
1722;Fribourg
1723;Fribourg
1724;Fribourg
1725;Fribourg
1726;Fribourg
1727;Fribourg
1728;Fribourg
1730;Fribourg
1731;Fribourg
1732;Fribourg
1733;Fribourg
1734;Bern/D.-FR
1735;Bern/D.-FR
1736;Bern/D.-FR
1737;Bern/D.-FR
1738;Bern/D.-FR
1740;Fribourg
1741;Fribourg
1742;Fribourg
1744;Fribourg
1745;Fribourg
1746;Fribourg
1747;Fribourg
1748;Fribourg
1749;Fribourg
1752;Fribourg
1753;Fribourg
1754;Fribourg
1756;Fribourg
1757;Fribourg
1762;Fribourg
1763;Fribourg
1772;Fribourg
1773;Fribourg
1774;Fribourg
1775;Fribourg
1776;Fribourg
1782;Fribourg
1783;Fribourg
1784;Fribourg
1785;Bern/D.-FR
1786;Fribourg
1787;Fribourg
1788;Fribourg
1789;Fribourg
1791;Fribourg
1792;Bern/D.-FR
1793;Bern/D.-FR
1794;Bern/D.-FR
1795;Bern/D.-FR
1796;Bern/D.-FR
1797;Bern/D.-FR
1800;Riviera/Nord V.
1801;Riviera/Nord V.
1802;Riviera/Nord V.
1803;Riviera/Nord V.
1804;Riviera/Nord V.
1805;Riviera/Nord V.
1806;Riviera/Nord V.
1807;Riviera/Nord V.
1808;Riviera/Nord V.
1809;Riviera/Nord V.
1811;Riviera/Nord V.
1814;Riviera/Nord V.
1815;Riviera/Nord V.
1816;Riviera/Nord V.
1817;Riviera/Nord V.
1818;Riviera/Nord V.
1820;Riviera/Nord V.
1822;Riviera/Nord V.
1823;Riviera/Nord V.
1824;Riviera/Nord V.
1832;Riviera/Nord V.
1833;Riviera/Nord V.
1844;Riviera/Nord V.
1845;Riviera/Nord V.
1846;Riviera/Nord V.
1847;Riviera/Nord V.
1852;Riviera/Nord V.
1853;Riviera/Nord V.
1854;Riviera/Nord V.
1856;Riviera/Nord V.
1860;Riviera/Nord V.
1862;Riviera/Nord V.
1863;Riviera/Nord V.
1864;Riviera/Nord V.
1865;Riviera/Nord V.
1866;Riviera/Nord V.
1867;Riviera/Nord V.
1868;Valais romand
1869;Valais romand
1870;Valais romand
1871;Valais romand
1872;Valais romand
1873;Valais romand
1874;Valais romand
1875;Valais romand
1880;Riviera/Nord V.
1882;Riviera/Nord V.
1884;Riviera/Nord V.
1885;Riviera/Nord V.
1890;Valais romand
1891;Valais romand
1892;Riviera/Nord V.
1893;Valais romand
1895;Valais romand
1896;Valais romand
1897;Valais romand
1898;Valais romand
1899;Valais romand
1902;Valais romand
1903;Valais romand
1904;Valais romand
1905;Valais romand
1906;Valais romand
1907;Valais romand
1908;Valais romand
1911;Valais romand
1912;Valais romand
1913;Valais romand
1914;Valais romand
1918;Valais romand
1919;Valais romand
1920;Valais romand
1921;Valais romand
1922;Valais romand
1923;Valais romand
1925;Valais romand
1926;Valais romand
1927;Valais romand
1928;Valais romand
1929;Valais romand
1932;Valais romand
1933;Valais romand
1934;Valais romand
1936;Valais romand
1937;Valais romand
1938;Valais romand
1941;Valais romand
1942;Valais romand
1943;Valais romand
1944;Valais romand
1945;Valais romand
1946;Valais romand
1947;Valais romand
1948;Valais romand
1950;Valais romand
1955;Valais romand
1957;Valais romand
1958;Valais romand
1961;Valais romand
1962;Valais romand
1963;Valais romand
1964;Valais romand
1965;Valais romand
1966;Valais romand
1967;Valais romand
1968;Valais romand
1969;Valais romand
1971;Valais romand
1972;Valais romand
1973;Valais romand
1974;Valais romand
1975;Valais romand
1976;Valais romand
1977;Valais romand
1978;Valais romand
1981;Valais romand
1982;Valais romand
1983;Valais romand
1984;Valais romand
1985;Valais romand
1986;Valais romand
1987;Valais romand
1988;Valais romand
1991;Valais romand
1992;Valais romand
1993;Valais romand
1994;Valais romand
1996;Valais romand
1997;Valais romand
2000;Neuchâtel
2010;Neuchâtel
2012;Neuchâtel
2013;Neuchâtel
2014;Neuchâtel
2015;Neuchâtel
2016;Neuchâtel
2017;Neuchâtel
2019;Neuchâtel
2022;Neuchâtel
2023;Neuchâtel
2024;Neuchâtel
2025;Neuchâtel
2027;Neuchâtel
2028;Neuchâtel
2034;Neuchâtel
2035;Neuchâtel
2036;Neuchâtel
2037;Neuchâtel
2042;Neuchâtel
2043;Neuchâtel
2046;Neuchâtel
2052;Neuchâtel
2053;Neuchâtel
2054;Neuchâtel
2056;Neuchâtel
2057;Neuchâtel
2058;Neuchâtel
2063;Neuchâtel
2065;Neuchâtel
2067;Neuchâtel
2068;Neuchâtel
2072;Neuchâtel
2073;Neuchâtel
2074;Neuchâtel
2075;Neuchâtel
2087;Neuchâtel
2088;Neuchâtel
2103;Neuchâtel
2105;Neuchâtel
2108;Neuchâtel
2112;Neuchâtel
2113;Neuchâtel
2114;Neuchâtel
2115;Neuchâtel
2116;Neuchâtel
2117;Neuchâtel
2123;Neuchâtel
2124;Neuchâtel
2126;Neuchâtel
2127;Neuchâtel
2149;Neuchâtel
2206;Neuchâtel
2207;Neuchâtel
2208;Neuchâtel
2300;Neuchâtel
2314;Neuchâtel
2316;Neuchâtel
2318;Neuchâtel
2322;Neuchâtel
2325;Neuchâtel
2333;Biel/Bienne
2336;Jura
2338;Jura
2340;Jura
2345;Jura
2350;Jura
2353;Jura
2354;Jura
2360;Jura
2362;Jura
2363;Jura
2364;Jura
2400;Neuchâtel
2405;Neuchâtel
2406;Neuchâtel
2414;Neuchâtel
2416;Neuchâtel
2500;Biel/Bienne
2502;Biel/Bienne
2503;Biel/Bienne
2504;Biel/Bienne
2505;Biel/Bienne
2512;Biel/Bienne
2513;Biel/Bienne
2514;Biel/Bienne
2515;Biel/Bienne
2516;Biel/Bienne
2517;Biel/Bienne
2518;Biel/Bienne
2520;Biel/Bienne
2523;Neuchâtel
2525;Neuchâtel
2532;Biel/Bienne
2533;Biel/Bienne
2534;Biel/Bienne
2535;Biel/Bienne
2536;Biel/Bienne
2537;Biel/Bienne
2538;Biel/Bienne
2540;Solothurn/O.
2542;Biel/Bienne
2543;Biel/Bienne
2544;Solothurn/O.
2545;Solothurn/O.
2552;Biel/Bienne
2553;Biel/Bienne
2554;Biel/Bienne
2555;Biel/Bienne
2556;Biel/Bienne
2557;Biel/Bienne
2558;Biel/Bienne
2560;Biel/Bienne
2562;Biel/Bienne
2563;Biel/Bienne
2564;Biel/Bienne
2565;Biel/Bienne
2572;Biel/Bienne
2575;Biel/Bienne
2576;Biel/Bienne
2577;Biel/Bienne
2603;Biel/Bienne
2604;Biel/Bienne
2605;Biel/Bienne
2606;Biel/Bienne
2607;Biel/Bienne
2608;Biel/Bienne
2610;Biel/Bienne
2612;Biel/Bienne
2613;Biel/Bienne
2615;Biel/Bienne
2616;Biel/Bienne
2710;Biel/Bienne
2712;Biel/Bienne
2713;Biel/Bienne
2714;Jura
2715;Biel/Bienne
2716;Biel/Bienne
2717;Biel/Bienne
2718;Jura
2720;Biel/Bienne
2722;Biel/Bienne
2723;Biel/Bienne
2732;Biel/Bienne
2733;Biel/Bienne
2735;Biel/Bienne
2736;Biel/Bienne
2738;Biel/Bienne
2740;Jura
2742;Jura
2743;Jura
2744;Jura
2745;Jura
2746;Jura
2747;Jura
2748;Jura
2762;Jura
2800;Jura
2802;Jura
2803;Jura
2805;Jura
2806;Jura
2807;Jura
2812;Jura
2813;Jura
2814;Baselland
2822;Jura
2823;Jura
2824;Jura
2825;Jura
2826;Jura
2827;Jura
2828;Jura
2829;Jura
2830;Jura
2832;Jura
2842;Jura
2843;Jura
2852;Jura
2853;Jura
2854;Jura
2855;Jura
2856;Jura
2857;Jura
2863;Jura
2864;Jura
2873;Jura
2882;Jura
2883;Jura
2884;Jura
2885;Jura
2886;Jura
2887;Jura
2888;Jura
2889;Jura
2900;Jura
2902;Jura
2903;Jura
2904;Jura
2905;Jura
2906;Jura
2907;Jura
2908;Jura
2912;Jura
2914;Jura
2915;Jura
2916;Jura
2922;Jura
2923;Jura
2924;Jura
2925;Jura
2926;Jura
2932;Jura
2933;Jura
2935;Jura
2942;Jura
2943;Jura
2944;Jura
2946;Jura
2947;Jura
2950;Jura
2952;Jura
2953;Jura
2954;Jura
3000;Bern/D.-FR
3002;Bern/D.-FR
3003;Bern/D.-FR
3004;Bern/D.-FR
3005;Bern/D.-FR
3006;Bern/D.-FR
3007;Bern/D.-FR
3008;Bern/D.-FR
3010;Bern/D.-FR
3011;Bern/D.-FR
3012;Bern/D.-FR
3013;Bern/D.-FR
3014;Bern/D.-FR
3015;Bern/D.-FR
3018;Bern/D.-FR
3019;Bern/D.-FR
3020;Bern/D.-FR
3024;Bern/D.-FR
3027;Bern/D.-FR
3029;Bern/D.-FR
3030;Bern/D.-FR
3032;Bern/D.-FR
3033;Bern/D.-FR
3034;Bern/D.-FR
3035;Bern/D.-FR
3036;Bern/D.-FR
3037;Bern/D.-FR
3038;Bern/D.-FR
3039;Bern/D.-FR
3040;Bern/D.-FR
3041;Bern/D.-FR
3042;Bern/D.-FR
3043;Bern/D.-FR
3044;Bern/D.-FR
3045;Bern/D.-FR
3046;Bern/D.-FR
3047;Bern/D.-FR
3048;Bern/D.-FR
3049;Bern/D.-FR
3050;Bern/D.-FR
3052;Bern/D.-FR
3053;Bern/D.-FR
3054;Bern/D.-FR
3063;Bern/D.-FR
3065;Bern/D.-FR
3066;Bern/D.-FR
3067;Bern/D.-FR
3068;Bern/D.-FR
3071;Bern/D.-FR
3072;Bern/D.-FR
3073;Bern/D.-FR
3074;Bern/D.-FR
3075;Bern/D.-FR
3076;Bern/D.-FR
3077;Bern/D.-FR
3078;Bern/D.-FR
3082;Bern/D.-FR
3083;Bern/D.-FR
3084;Bern/D.-FR
3085;Bern/D.-FR
3086;Bern/D.-FR
3087;Bern/D.-FR
3088;Bern/D.-FR
3089;Bern/D.-FR
3095;Bern/D.-FR
3096;Bern/D.-FR
3097;Bern/D.-FR
3098;Bern/D.-FR
3099;Bern/D.-FR
3110;Bern/D.-FR
3111;Berner Oberland
3112;Bern/D.-FR
3113;Bern/D.-FR
3114;Bern/D.-FR
3115;Bern/D.-FR
3116;Bern/D.-FR
;Berner Oberland
3122;Bern/D.-FR
3123;Bern/D.-FR
3124;Bern/D.-FR
3125;Bern/D.-FR
3126;Bern/D.-FR
3127;Bern/D.-FR
3128;Bern/D.-FR
3132;Bern/D.-FR
3144;Bern/D.-FR
3145;Bern/D.-FR
3147;Bern/D.-FR
3148;Bern/D.-FR
3150;Bern/D.-FR
3152;Bern/D.-FR
3153;Bern/D.-FR
3154;Bern/D.-FR
3155;Bern/D.-FR
3156;Bern/D.-FR
3157;Bern/D.-FR
3158;Bern/D.-FR
3159;Bern/D.-FR
3172;Bern/D.-FR
3173;Bern/D.-FR
3174;Bern/D.-FR
3175;Bern/D.-FR
3176;Bern/D.-FR
3177;Bern/D.-FR
3178;Bern/D.-FR
3179;Bern/D.-FR
3182;Bern/D.-FR
3183;Bern/D.-FR
3184;Bern/D.-FR
3185;Bern/D.-FR
3186;Bern/D.-FR
3202;Bern/D.-FR
3203;Bern/D.-FR
3204;Bern/D.-FR
3205;Bern/D.-FR
3206;Bern/D.-FR
3207;Bern/D.-FR
3208;Bern/D.-FR
3210;Bern/D.-FR
3212;Bern/D.-FR
3213;Bern/D.-FR
3214;Bern/D.-FR
3215;Bern/D.-FR
3216;Bern/D.-FR
3225;Biel/Bienne
3226;Biel/Bienne
3232;Biel/Bienne
3233;Biel/Bienne
3234;Biel/Bienne
3235;Biel/Bienne
3236;Biel/Bienne
3237;Biel/Bienne
3238;Biel/Bienne
3250;Biel/Bienne
3251;Biel/Bienne
3252;Biel/Bienne
3253;Solothurn/O.
3254;Bern/D.-FR
3255;Biel/Bienne
3256;Bern/D.-FR
;Biel/Bienne
3257;Biel/Bienne
3262;Biel/Bienne
3263;Biel/Bienne
3264;Biel/Bienne
3266;Biel/Bienne
3267;Biel/Bienne
3268;Biel/Bienne
3270;Biel/Bienne
3271;Bern/D.-FR
3272;Biel/Bienne
3273;Biel/Bienne
3274;Biel/Bienne
3280;Bern/D.-FR
3282;Biel/Bienne
3283;Bern/D.-FR
;Biel/Bienne
3284;Bern/D.-FR
3285;Bern/D.-FR
3286;Bern/D.-FR
3292;Biel/Bienne
3293;Biel/Bienne
3294;Biel/Bienne
3295;Biel/Bienne
3296;Solothurn/O.
3297;Solothurn/O.
3298;Biel/Bienne
3302;Bern/D.-FR
3303;Bern/D.-FR
3305;Bern/D.-FR
3306;Bern/D.-FR
3307;Bern/D.-FR
3308;Bern/D.-FR
3309;Bern/D.-FR
3312;Bern/D.-FR
3313;Bern/D.-FR
3314;Bern/D.-FR
3315;Solothurn/O.
3317;Bern/D.-FR
3322;Bern/D.-FR
3323;Bern/D.-FR
3324;Bern/D.-FR
3325;Bern/D.-FR
3326;Bern/D.-FR
3360;Solothurn/O.
3362;Solothurn/O.
3363;Solothurn/O.
3365;Solothurn/O.
3366;Solothurn/O.
3367;Solothurn/O.
3368;Solothurn/O.
3372;Solothurn/O.
3373;Solothurn/O.
3374;Solothurn/O.
3375;Solothurn/O.
3376;Solothurn/O.
3377;Solothurn/O.
3380;Solothurn/O.
3400;Bern/D.-FR
3412;Bern/D.-FR
3413;Bern/D.-FR
3414;Bern/D.-FR
3415;Bern/D.-FR
3416;Bern/D.-FR
3417;Bern/D.-FR
3418;Bern/D.-FR
3419;Bern/D.-FR
3421;Bern/D.-FR
3422;Bern/D.-FR
3423;Bern/D.-FR
3424;Bern/D.-FR
3425;Bern/D.-FR
3426;Bern/D.-FR
3427;Solothurn/O.
3428;Solothurn/O.
3429;Bern/D.-FR
3432;Bern/D.-FR
3433;Bern/D.-FR
3434;Bern/D.-FR
3435;Bern/D.-FR
3436;Bern/D.-FR
3437;Bern/D.-FR
3438;Bern/D.-FR
3439;Bern/D.-FR
3452;Bern/D.-FR
3453;Bern/D.-FR
3454;Bern/D.-FR
3455;Bern/D.-FR
3456;Bern/D.-FR
3457;Bern/D.-FR
3462;Bern/D.-FR
3463;Solothurn/O.
3464;Solothurn/O.
3465;Solothurn/O.
3472;Bern/D.-FR
3473;Bern/D.-FR
3474;Bern/D.-FR
3475;Solothurn/O.
3476;Solothurn/O.
3503;Bern/D.-FR
3504;Berner Oberland
3506;Berner Oberland
3507;Bern/D.-FR
3508;Bern/D.-FR
3510;Berner Oberland
3512;Bern/D.-FR
3513;Bern/D.-FR
3531;Berner Oberland
3532;Berner Oberland
3533;Bern/D.-FR
3534;Bern/D.-FR
3535;Bern/D.-FR
3536;Bern/D.-FR
3537;Bern/D.-FR
3538;Bern/D.-FR
3543;Bern/D.-FR
3550;Bern/D.-FR
3551;Bern/D.-FR
3552;Bern/D.-FR
3553;Bern/D.-FR
3555;Bern/D.-FR
3556;Bern/D.-FR
3557;Bern/D.-FR
3600;Berner Oberland
3603;Berner Oberland
3604;Berner Oberland
3608;Berner Oberland
3609;Berner Oberland
3612;Berner Oberland
3613;Berner Oberland
3614;Berner Oberland
3615;Berner Oberland
3616;Berner Oberland
3617;Berner Oberland
3618;Berner Oberland
3619;Berner Oberland
3622;Berner Oberland
3623;Berner Oberland
3624;Berner Oberland
3625;Berner Oberland
3626;Berner Oberland
3627;Berner Oberland
3628;Berner Oberland
3629;Bern/D.-FR
;Berner Oberland
3631;Berner Oberland
3632;Berner Oberland
3633;Berner Oberland
3634;Berner Oberland
3635;Berner Oberland
3636;Berner Oberland
3638;Berner Oberland
3645;Berner Oberland
3646;Berner Oberland
3647;Berner Oberland
3652;Berner Oberland
3653;Berner Oberland
3654;Berner Oberland
3655;Berner Oberland
3656;Berner Oberland
3657;Berner Oberland
3658;Berner Oberland
3661;Berner Oberland
3662;Berner Oberland
3663;Berner Oberland
3664;Berner Oberland
3665;Berner Oberland
3671;Berner Oberland
3672;Berner Oberland
3673;Berner Oberland
3674;Berner Oberland
3700;Berner Oberland
3702;Berner Oberland
3703;Berner Oberland
3704;Berner Oberland
3705;Berner Oberland
3706;Berner Oberland
3707;Berner Oberland
3711;Berner Oberland
3713;Berner Oberland
3714;Berner Oberland
3715;Berner Oberland
3716;Berner Oberland
3717;Berner Oberland
3718;Berner Oberland
3722;Berner Oberland
3723;Berner Oberland
3724;Berner Oberland
3725;Berner Oberland
3752;Berner Oberland
3753;Berner Oberland
3754;Berner Oberland
3755;Berner Oberland
3756;Berner Oberland
3757;Berner Oberland
3758;Berner Oberland
3762;Berner Oberland
3763;Berner Oberland
3764;Berner Oberland
3765;Berner Oberland
3766;Berner Oberland
3770;Berner Oberland
3771;Berner Oberland
3772;Berner Oberland
3773;Berner Oberland
3775;Berner Oberland
3776;Berner Oberland
3777;Berner Oberland
3778;Berner Oberland
3780;Berner Oberland
3781;Berner Oberland
3782;Berner Oberland
3783;Berner Oberland
3784;Berner Oberland
3785;Berner Oberland
3792;Berner Oberland
3800;Berner Oberland
3801;Berner Oberland
3803;Berner Oberland
3804;Berner Oberland
3805;Berner Oberland
3806;Berner Oberland
3807;Berner Oberland
3812;Berner Oberland
3813;Berner Oberland
3814;Berner Oberland
3815;Berner Oberland
3816;Berner Oberland
3818;Berner Oberland
3822;Berner Oberland
3823;Berner Oberland
3824;Berner Oberland
3825;Berner Oberland
3826;Berner Oberland
3852;Berner Oberland
3853;Berner Oberland
3854;Berner Oberland
3855;Berner Oberland
3856;Berner Oberland
3857;Berner Oberland
3858;Berner Oberland
3860;Berner Oberland
3862;Berner Oberland
3863;Berner Oberland
3864;Berner Oberland
3900;Oberwallis
3901;Oberwallis
3902;Oberwallis
3903;Oberwallis
3904;Oberwallis
3905;Oberwallis
3906;Oberwallis
3907;Oberwallis
3908;Oberwallis
3910;Oberwallis
3911;Oberwallis
3912;Oberwallis
3913;Oberwallis
3914;Oberwallis
3916;Oberwallis
3917;Oberwallis
3918;Oberwallis
3919;Oberwallis
3920;Oberwallis
3922;Oberwallis
3923;Oberwallis
3924;Oberwallis
3925;Oberwallis
3926;Oberwallis
3927;Oberwallis
3928;Oberwallis
3929;Oberwallis
3930;Oberwallis
3931;Oberwallis
3932;Oberwallis
3933;Oberwallis
3934;Oberwallis
3935;Oberwallis
3937;Oberwallis
3938;Oberwallis
3939;Oberwallis
3940;Oberwallis
3942;Oberwallis
3943;Oberwallis
3944;Oberwallis
3945;Oberwallis
3946;Oberwallis
3947;Oberwallis
3948;Oberwallis
3949;Oberwallis
3951;Oberwallis
3952;Oberwallis
3953;Oberwallis
3954;Oberwallis
3955;Oberwallis
3956;Oberwallis
3957;Oberwallis
3960;Valais romand
3961;Valais romand
3963;Valais romand
3965;Valais romand
3966;Valais romand
3967;Valais romand
3968;Valais romand
3970;Oberwallis
3971;Valais romand
3972;Valais romand
3973;Valais romand
3974;Valais romand
3975;Valais romand
3976;Valais romand
3977;Valais romand
3978;Valais romand
3979;Valais romand
3982;Oberwallis
3983;Oberwallis
3984;Oberwallis
3986;Oberwallis
3987;Oberwallis
3991;Oberwallis
3992;Oberwallis
3993;Oberwallis
3994;Oberwallis
3995;Oberwallis
3996;Oberwallis
3997;Oberwallis
4000;Basel
4001;Basel
4031;Basel
4039;Basel
4040;Basel
4041;Basel
4042;Basel
4051;Basel
4052;Basel
4053;Basel
4054;Basel
4055;Basel
4056;Basel
4057;Basel
4058;Basel
4059;Basel
4065;Basel
4070;Basel
4075;Basel
4078;Basel
4080;Basel
4083;Basel
4084;Basel
4085;Basel
4086;Basel
4087;Basel
4088;Basel
4089;Basel
4091;Basel
4092;Basel
4093;Basel
4094;Basel
4095;Basel
4096;Basel
4101;Basel
4102;Basel
4103;Basel
4104;Baselland
4105;Baselland
4106;Baselland
4107;Baselland
4108;Baselland
4112;Baselland
4114;Baselland
4115;Baselland
4116;Baselland
4117;Baselland
4118;Baselland
4123;Basel
4124;Basel
4125;Basel
4126;Basel
4127;Basel
4132;Baselland
4133;Baselland
4140;Baselland
4142;Baselland
4143;Baselland
4144;Baselland
4145;Baselland
4146;Baselland
4147;Baselland
4148;Baselland
4153;Baselland
4202;Baselland
4203;Baselland
4204;Baselland
4206;Baselland
4207;Baselland
4208;Baselland
4222;Baselland
4223;Baselland
4224;Baselland
4225;Baselland
4226;Baselland
4227;Baselland
4228;Baselland
4229;Baselland
4232;Baselland
4233;Baselland
4234;Baselland
4242;Baselland
4243;Baselland
4244;Baselland
4245;Baselland
4246;Baselland
4247;Baselland
4252;Baselland
4253;Baselland
4254;Baselland
4302;Baselland
4303;Baselland
4304;Baselland
4305;Baselland
4310;Baselland
4312;Baselland
4313;Baselland
4314;Baselland
4315;Baselland
4316;Baselland
4317;Baselland
4322;Baselland
4323;Baselland
4324;Baselland
4325;Baselland
4332;Baselland
4333;Baselland
4334;Baselland
4402;Baselland
4410;Baselland
4411;Baselland
4412;Baselland
4413;Baselland
4414;Baselland
4415;Baselland
4416;Baselland
4417;Baselland
4418;Baselland
4419;Baselland
4421;Baselland
4422;Baselland
4423;Baselland
4424;Baselland
4425;Baselland
4426;Baselland
4431;Baselland
4432;Baselland
4433;Baselland
4434;Baselland
4435;Baselland
4436;Baselland
4437;Baselland
4438;Baselland
4441;Baselland
4442;Baselland
4443;Baselland
4444;Baselland
4445;Baselland
4446;Baselland
4447;Baselland
4448;Baselland
4450;Baselland
4451;Baselland
4452;Baselland
4453;Baselland
4455;Baselland
4456;Baselland
4457;Baselland
4458;Baselland
4460;Baselland
4461;Baselland
4462;Baselland
4463;Baselland
4464;Baselland
4465;Baselland
4466;Baselland
4467;Baselland
4468;Baselland
4469;Baselland
4492;Baselland
4493;Baselland
4494;Baselland
4495;Baselland
4496;Baselland
4497;Baselland
4500;Solothurn/O.
4509;Solothurn/O.
4512;Solothurn/O.
4513;Solothurn/O.
4514;Solothurn/O.
4515;Solothurn/O.
4522;Solothurn/O.
4523;Solothurn/O.
4524;Solothurn/O.
4525;Solothurn/O.
4528;Solothurn/O.
4532;Solothurn/O.
4533;Solothurn/O.
4534;Solothurn/O.
4535;Solothurn/O.
4536;Solothurn/O.
4537;Solothurn/O.
4538;Solothurn/O.
4539;Solothurn/O.
4542;Solothurn/O.
4543;Solothurn/O.
4551;Solothurn/O.
4552;Solothurn/O.
4553;Solothurn/O.
4554;Solothurn/O.
4556;Solothurn/O.
4557;Solothurn/O.
4558;Solothurn/O.
4562;Solothurn/O.
4563;Solothurn/O.
4564;Solothurn/O.
4565;Solothurn/O.
4566;Solothurn/O.
4571;Solothurn/O.
4573;Solothurn/O.
4574;Solothurn/O.
4576;Solothurn/O.
4577;Solothurn/O.
4578;Solothurn/O.
4579;Solothurn/O.
4581;Solothurn/O.
4582;Solothurn/O.
4583;Solothurn/O.
4584;Solothurn/O.
4585;Solothurn/O.
4586;Solothurn/O.
4587;Solothurn/O.
4588;Solothurn/O.
4600;Solothurn/O.
4612;Solothurn/O.
4613;Solothurn/O.
4614;Solothurn/O.
4615;Solothurn/O.
4616;Solothurn/O.
4617;Solothurn/O.
4618;Solothurn/O.
4622;Solothurn/O.
4623;Solothurn/O.
4624;Solothurn/O.
4625;Solothurn/O.
4626;Solothurn/O.
4628;Solothurn/O.
4629;Solothurn/O.
4632;Solothurn/O.
4633;Solothurn/O.
4634;Baselland
4652;Solothurn/O.
4653;Solothurn/O.
4654;Solothurn/O.
4655;Solothurn/O.
4656;Solothurn/O.
4657;Solothurn/O.
4658;Solothurn/O.
4663;Aarau
4665;Aarau
4702;Solothurn/O.
4703;Solothurn/O.
4704;Solothurn/O.
4710;Solothurn/O.
4712;Solothurn/O.
4713;Solothurn/O.
4714;Solothurn/O.
4715;Solothurn/O.
4716;Solothurn/O.
4717;Solothurn/O.
4718;Solothurn/O.
4719;Solothurn/O.
4800;Aarau
4801;Aarau
4802;Aarau
4803;Aarau
4805;Aarau
4806;Sursee
4807;Aarau
4808;Aarau
4809;Aarau
4812;Aarau
4813;Aarau
4814;Aarau
4852;Aarau
4853;Aarau
4856;Aarau
4900;Solothurn/O.
4911;Solothurn/O.
4912;Solothurn/O.
4913;Solothurn/O.
4914;Solothurn/O.
4915;Sursee
4916;Solothurn/O.
4917;Solothurn/O.
4919;Solothurn/O.
4922;Solothurn/O.
4923;Solothurn/O.
4924;Solothurn/O.
4932;Solothurn/O.
4933;Solothurn/O.
4934;Solothurn/O.
4935;Solothurn/O.
4936;Solothurn/O.
4937;Solothurn/O.
4938;Solothurn/O.
4942;Solothurn/O.
4943;Solothurn/O.
4944;Solothurn/O.
4950;Solothurn/O.
4952;Solothurn/O.
4953;Solothurn/O.
4954;Solothurn/O.
4955;Solothurn/O.
5000;Aarau
5004;Aarau
5012;Solothurn/O.
5013;Solothurn/O.
5014;Solothurn/O.
5015;Aarau
5017;Aarau
5018;Aarau
5022;Aarau
5023;Aarau
5024;Aarau
5025;Baselland
5026;Baselland
5027;Baselland
5028;Baselland
5032;Aarau
5033;Aarau
5034;Aarau
5035;Aarau
5036;Aarau
5037;Aarau
5040;Aarau
5042;Aarau
5043;Aarau
5044;Aarau
5046;Aarau
5053;Aarau
5054;Aarau
5056;Aarau
5057;Aarau
5058;Aarau
5062;Baselland
5063;Baselland
5064;Baselland
5070;Baselland
5072;Baselland
5073;Baselland
5074;Baselland
5075;Baselland
5076;Baselland
5077;Baselland
5078;Baselland
5079;Baselland
5080;Baselland
5082;Baselland
5083;Baselland
5084;Baselland
5085;Baselland
5102;Aarau
5103;Aarau
5105;Aarau
5106;Baden
5107;Baden
5108;Baden
5112;Baden
5113;Aarau
5116;Baden
5200;Baden
5210;Baden
5212;Baden
5213;Baden
5222;Baden
5223;Baden
5224;Baden
5225;Baden
5232;Baden
5233;Baden
5234;Baden
5235;Baden
5236;Baden
5237;Baden
5242;Baden
5243;Baden
5244;Baden
5245;Baden
5246;Baden
5272;Baden
5273;Baden
5274;Baden
5275;Baden
5276;Baden
5277;Baden
5300;Baden
5301;Baden
5303;Baden
5304;Baden
5305;Baden
5306;Baden
5312;Baden
5313;Baden
5314;Baden
5315;Baden
5316;Baden
5317;Baden
5318;Baden
5322;Baden
5323;Baden
5324;Baden
5325;Baden
5326;Baden
5330;Baden
5332;Baden
5333;Baden
5334;Baden
5400;Baden
5404;Baden
5405;Baden
5406;Baden
5408;Baden
5412;Baden
5413;Baden
5415;Baden
5416;Baden
5417;Baden
5420;Baden
5423;Baden
5425;Baden
5426;Baden
5430;Baden
5432;Baden
5436;Baden
5442;Baden
5443;Baden
5444;Baden
5445;Aarau
5452;Baden
5453;Baden
5454;Aarau
5462;Baden
5463;Baden
5464;Baden
5465;Baden
5466;Baden
5467;Baden
5502;Aarau
5503;Aarau
5504;Aarau
5505;Aarau
5506;Baden
5507;Baden
5512;Baden
5522;Aarau
5524;Aarau
5525;Aarau
5600;Aarau
5603;Aarau
5604;Aarau
5605;Aarau
5606;Aarau
5607;Aarau
5608;Baden
5610;Aarau
5611;Aarau
5612;Aarau
5613;Aarau
5614;Aarau
5615;Aarau
5616;Aarau
5617;Aarau
5618;Aarau
5619;Aarau
5620;Aarau
5621;Aarau
5622;Aarau
5623;Aarau
5624;Aarau
5625;Aarau
5626;Aarau
5627;Aarau
5628;Aarau
5630;Aarau
5632;Aarau
5634;Aarau
5636;Aarau
5637;Aarau
;Zug/Knonaueramt
5642;Aarau
5643;Zug/Knonaueramt
5644;Zug/Knonaueramt
5645;Zug/Knonaueramt
5646;Zug/Knonaueramt
5647;Zug/Knonaueramt
5702;Aarau
5703;Aarau
5704;Aarau
5705;Aarau
5706;Aarau
5707;Aarau
5708;Aarau
5712;Aarau
5722;Aarau
5723;Aarau
5724;Aarau
5725;Aarau
5726;Aarau
5727;Aarau
5728;Aarau
5732;Aarau
5733;Aarau
5734;Aarau
5735;Aarau
5736;Aarau
5737;Aarau
5742;Aarau
5745;Aarau
5746;Aarau
6000;Luzern/NW/OW
6003;Luzern/NW/OW
6004;Luzern/NW/OW
6005;Luzern/NW/OW
6006;Luzern/NW/OW
6007;Luzern/NW/OW
6008;Luzern/NW/OW
6009;Luzern/NW/OW
6010;Luzern/NW/OW
6012;Luzern/NW/OW
6013;Sursee
6014;Luzern/NW/OW
6015;Luzern/NW/OW
6016;Sursee
6017;Sursee
6018;Sursee
6019;Sursee
6020;Luzern/NW/OW
6022;Sursee
6023;Luzern/NW/OW
6024;Sursee
6025;Sursee
6026;Sursee
6027;Sursee
6028;Sursee
6030;Luzern/NW/OW
6032;Luzern/NW/OW
6033;Luzern/NW/OW
6034;Zug/Knonaueramt
6035;Zug/Knonaueramt
6036;Zug/Knonaueramt
6037;Zug/Knonaueramt
6038;Zug/Knonaueramt
6039;Zug/Knonaueramt
6042;Zug/Knonaueramt
6043;Luzern/NW/OW
6044;Luzern/NW/OW
6045;Luzern/NW/OW
6047;Luzern/NW/OW
6048;Luzern/NW/OW
6052;Luzern/NW/OW
6053;Luzern/NW/OW
6055;Luzern/NW/OW
6056;Luzern/NW/OW
6060;Luzern/NW/OW
6062;Luzern/NW/OW
6063;Luzern/NW/OW
6064;Luzern/NW/OW
6066;Luzern/NW/OW
6067;Luzern/NW/OW
6068;Luzern/NW/OW
6072;Luzern/NW/OW
6073;Luzern/NW/OW
6074;Luzern/NW/OW
6078;Luzern/NW/OW
6083;Berner Oberland
6084;Berner Oberland
6085;Berner Oberland
6086;Berner Oberland
6102;Sursee
6103;Sursee
6105;Sursee
6106;Sursee
6110;Sursee
6112;Sursee
6113;Sursee
6114;Sursee
6122;Sursee
6123;Sursee
6125;Sursee
6126;Sursee
6130;Sursee
6132;Sursee
6133;Sursee
6142;Sursee
6143;Sursee
6144;Sursee
6145;Sursee
6146;Sursee
6147;Sursee
6152;Sursee
6153;Sursee
6154;Sursee
6156;Sursee
6160;Sursee
6162;Sursee
6163;Sursee
6166;Sursee
6167;Sursee
6170;Sursee
6173;Sursee
6174;Sursee
6182;Sursee
6192;Sursee
6196;Sursee
6197;Bern/D.-FR
6203;Sursee
6204;Sursee
6205;Sursee
6206;Sursee
6207;Sursee
6208;Sursee
6210;Sursee
6211;Sursee
6212;Sursee
6213;Sursee
6214;Sursee
6215;Sursee
6216;Sursee
6217;Sursee
6218;Sursee
6221;Sursee
6222;Sursee
6231;Sursee
6232;Sursee
6233;Sursee
6234;Sursee
6235;Sursee
6236;Sursee
6242;Sursee
6243;Sursee
6244;Sursee
6245;Sursee
6246;Sursee
6247;Sursee
6248;Sursee
6252;Sursee
6253;Sursee
6260;Sursee
6262;Sursee
6263;Sursee
6264;Sursee
6265;Sursee
6274;Sursee
6275;Zug/Knonaueramt
6276;Zug/Knonaueramt
6277;Zug/Knonaueramt
6280;Zug/Knonaueramt
6283;Zug/Knonaueramt
6284;Zug/Knonaueramt
6285;Sursee
;Zug/Knonaueramt
6286;Zug/Knonaueramt
6287;Zug/Knonaueramt
6288;Zug/Knonaueramt
6289;Zug/Knonaueramt
6294;Sursee
6295;Sursee
6300;Zug/Knonaueramt
6310;Zug/Knonaueramt
6312;Zug/Knonaueramt
6313;Zug/Knonaueramt
6314;Zug/Knonaueramt
6315;Zug/Knonaueramt
6317;Zug/Knonaueramt
6318;Zug/Knonaueramt
6319;Zug/Knonaueramt
6330;Zug/Knonaueramt
6331;Zug/Knonaueramt
6332;Zug/Knonaueramt
6333;Zug/Knonaueramt
6340;Zug/Knonaueramt
6343;Zug/Knonaueramt
6344;Schwyz/Uri
6345;Zug/Knonaueramt
6349;Zug/Knonaueramt
6353;Schwyz/Uri
6354;Schwyz/Uri
6356;Schwyz/Uri
6362;Luzern/NW/OW
6363;Luzern/NW/OW
6365;Luzern/NW/OW
6370;Luzern/NW/OW
6372;Luzern/NW/OW
6373;Luzern/NW/OW
6374;Luzern/NW/OW
6375;Luzern/NW/OW
6376;Luzern/NW/OW
6377;Schwyz/Uri
6382;Luzern/NW/OW
6383;Luzern/NW/OW
6386;Luzern/NW/OW
6387;Luzern/NW/OW
6388;Luzern/NW/OW
6390;Luzern/NW/OW
6402;Schwyz/Uri
6403;Schwyz/Uri
6404;Schwyz/Uri
6405;Schwyz/Uri
6410;Schwyz/Uri
6414;Schwyz/Uri
6415;Schwyz/Uri
6416;Schwyz/Uri
6417;Schwyz/Uri
6418;O. Zürichsee
6422;Schwyz/Uri
6423;Schwyz/Uri
6424;Schwyz/Uri
6430;Schwyz/Uri
6432;Schwyz/Uri
6433;Schwyz/Uri
6434;Schwyz/Uri
6436;Schwyz/Uri
6438;Schwyz/Uri
6440;Schwyz/Uri
6441;Schwyz/Uri
6442;Schwyz/Uri
6443;Schwyz/Uri
6452;Schwyz/Uri
6454;Schwyz/Uri
6460;Schwyz/Uri
6461;Schwyz/Uri
6462;Schwyz/Uri
6463;Schwyz/Uri
6464;Schwyz/Uri
6465;Schwyz/Uri
6466;Schwyz/Uri
6467;Schwyz/Uri
6468;Schwyz/Uri
6469;Schwyz/Uri
6472;Schwyz/Uri
6473;Schwyz/Uri
6474;Schwyz/Uri
6475;Schwyz/Uri
6476;Schwyz/Uri
6482;Schwyz/Uri
6484;Schwyz/Uri
6485;Schwyz/Uri
6487;Schwyz/Uri
6490;Schwyz/Uri
6491;Schwyz/Uri
6493;Schwyz/Uri
6500;Sopraceneri
6503;Sopraceneri
6512;Sopraceneri
6513;Sopraceneri
6514;Sopraceneri
6515;Sopraceneri
6516;Sopraceneri
6517;Sopraceneri
6518;Sopraceneri
6523;Sopraceneri
6524;Sopraceneri
6525;Sopraceneri
6526;Sopraceneri
6527;Sopraceneri
6528;Sopraceneri
6532;Sopraceneri
6533;Sopraceneri
6534;Sopraceneri
6535;Sopraceneri
6537;Sopraceneri
6538;Sopraceneri
6540;Sopraceneri
6541;Sopraceneri
6542;Sopraceneri
6543;Sopraceneri
6544;Sopraceneri
6545;Sopraceneri
6546;Sopraceneri
6547;Sopraceneri
6548;Sopraceneri
6549;Sopraceneri
6556;Sopraceneri
6557;Sopraceneri
6558;Sopraceneri
6562;Sopraceneri
6563;Sopraceneri
6565;Sopraceneri
6571;Sopraceneri
6572;Sopraceneri
6573;Sopraceneri
6574;Sopraceneri
6575;Sopraceneri
6576;Sopraceneri
6577;Sopraceneri
6578;Sopraceneri
6579;Sopraceneri
6582;Sopraceneri
6583;Sopraceneri
6584;Sopraceneri
6592;Sopraceneri
6593;Sopraceneri
6594;Sopraceneri
6595;Sopraceneri
6596;Sopraceneri
6597;Sopraceneri
6598;Sopraceneri
6599;Sopraceneri
6600;Sopraceneri
6605;Sopraceneri
6611;Sopraceneri
6612;Sopraceneri
6613;Sopraceneri
6614;Sopraceneri
6616;Sopraceneri
6618;Sopraceneri
6622;Sopraceneri
6631;Sopraceneri
6632;Sopraceneri
6633;Sopraceneri
6634;Sopraceneri
6635;Sopraceneri
6636;Sopraceneri
6637;Sopraceneri
6644;Sopraceneri
6645;Sopraceneri
6646;Sopraceneri
6647;Sopraceneri
6648;Sopraceneri
6652;Sopraceneri
6653;Sopraceneri
6654;Sopraceneri
6655;Sopraceneri
6656;Sopraceneri
6657;Sopraceneri
6658;Sopraceneri
6659;Sopraceneri
6661;Sopraceneri
6662;Sopraceneri
6663;Sopraceneri
6664;Sopraceneri
6670;Sopraceneri
6672;Sopraceneri
6673;Sopraceneri
6674;Sopraceneri
6675;Sopraceneri
6676;Sopraceneri
6677;Sopraceneri
6678;Sopraceneri
6682;Sopraceneri
6683;Sopraceneri
6684;Sopraceneri
6685;Sopraceneri
6690;Sopraceneri
6692;Sopraceneri
6693;Sopraceneri
6694;Sopraceneri
6695;Sopraceneri
6696;Sopraceneri
6702;Sopraceneri
6703;Sopraceneri
6705;Sopraceneri
6707;Sopraceneri
6710;Sopraceneri
6713;Sopraceneri
6714;Sopraceneri
6715;Sopraceneri
6716;Sopraceneri
6717;Sopraceneri
6718;Sopraceneri
6719;Sopraceneri
6720;Sopraceneri
6721;Sopraceneri
6722;Sopraceneri
6723;Sopraceneri
6724;Sopraceneri
6742;Sopraceneri
6743;Sopraceneri
6744;Sopraceneri
6745;Sopraceneri
6746;Sopraceneri
6747;Sopraceneri
6748;Sopraceneri
6749;Sopraceneri
6760;Sopraceneri
6763;Sopraceneri
6764;Sopraceneri
6772;Sopraceneri
6773;Sopraceneri
6774;Sopraceneri
6775;Sopraceneri
6776;Sopraceneri
6777;Sopraceneri
6780;Sopraceneri
6781;Sopraceneri
6802;Lugano
6803;Lugano
6804;Lugano
6805;Lugano
6806;Lugano
6807;Lugano
6808;Lugano
6809;Lugano
6810;Lugano
6814;Lugano
6815;Lugano
6816;Lugano
6817;Lugano
6818;Lugano
6821;Lugano
6822;Lugano
6823;Lugano
6825;Lugano
6826;Lugano
6827;Lugano
6828;Lugano
6830;Lugano
6832;Lugano
6833;Lugano
6834;Lugano
6835;Lugano
6837;Lugano
6838;Lugano
6839;Lugano
6850;Lugano
6852;Lugano
6853;Lugano
6854;Lugano
6855;Lugano
6862;Lugano
6863;Lugano
6864;Lugano
6865;Lugano
6866;Lugano
6867;Lugano
6872;Lugano
6873;Lugano
6874;Lugano
6875;Lugano
6877;Lugano
6883;Lugano
6900;Lugano
6911;Lugano
6912;Lugano
6913;Lugano
6914;Lugano
6915;Lugano
6916;Lugano
6917;Lugano
6918;Lugano
6919;Lugano
6921;Lugano
6922;Lugano
6924;Lugano
6925;Lugano
6926;Lugano
6927;Lugano
6928;Lugano
6929;Lugano
6930;Lugano
6932;Lugano
6933;Lugano
6934;Lugano
6935;Lugano
6936;Lugano
6937;Lugano
6938;Lugano
6939;Lugano
6942;Lugano
6943;Lugano
6944;Lugano
6945;Lugano
6946;Lugano
6947;Lugano
6948;Lugano
6949;Lugano
6950;Lugano
6951;Lugano
6952;Lugano
6953;Lugano
6954;Lugano
6955;Lugano
6956;Lugano
6957;Lugano
6958;Lugano
6959;Lugano
6962;Lugano
6963;Lugano
6964;Lugano
6965;Lugano
6966;Lugano
6967;Lugano
6968;Lugano
6974;Lugano
6976;Lugano
6977;Lugano
6978;Lugano
6979;Lugano
6980;Lugano
6981;Lugano
6982;Lugano
6983;Lugano
6984;Lugano
6986;Lugano
6987;Lugano
6988;Lugano
6989;Lugano
6990;Lugano
6991;Lugano
6992;Lugano
6993;Lugano
6994;Lugano
6995;Lugano
6996;Lugano
6997;Lugano
6998;Lugano
6999;Lugano
7000;Graubünden/FL
7012;Graubünden/FL
7013;Graubünden/FL
7014;Graubünden/FL
7015;Graubünden/FL
7016;Graubünden/FL
7017;Graubünden/FL
7018;Graubünden/FL
7019;Graubünden/FL
7020;Graubünden/FL
7023;Graubünden/FL
7026;Graubünden/FL
7027;Graubünden/FL
7028;Graubünden/FL
7029;Graubünden/FL
7031;Graubünden/FL
7032;Graubünden/FL
7050;Graubünden/FL
7056;Graubünden/FL
7057;Graubünden/FL
7058;Graubünden/FL
7062;Graubünden/FL
7063;Graubünden/FL
7064;Graubünden/FL
7074;Graubünden/FL
7075;Graubünden/FL
7076;Graubünden/FL
7077;Graubünden/FL
7078;Graubünden/FL
7082;Graubünden/FL
7083;Graubünden/FL
7084;Graubünden/FL
7104;Graubünden/FL
7106;Graubünden/FL
7107;Graubünden/FL
7109;Graubünden/FL
7110;Graubünden/FL
7111;Graubünden/FL
7112;Graubünden/FL
7113;Graubünden/FL
7114;Graubünden/FL
7115;Graubünden/FL
7116;Graubünden/FL
7122;Graubünden/FL
7126;Graubünden/FL
7127;Graubünden/FL
7128;Graubünden/FL
7130;Graubünden/FL
7132;Graubünden/FL
7133;Graubünden/FL
7134;Graubünden/FL
7135;Graubünden/FL
7136;Graubünden/FL
7137;Graubünden/FL
7138;Graubünden/FL
7141;Graubünden/FL
7142;Graubünden/FL
7143;Graubünden/FL
7144;Graubünden/FL
7145;Graubünden/FL
7146;Graubünden/FL
7147;Graubünden/FL
7148;Graubünden/FL
7149;Graubünden/FL
7151;Graubünden/FL
7152;Graubünden/FL
7153;Graubünden/FL
7154;Graubünden/FL
7155;Graubünden/FL
7156;Graubünden/FL
7157;Graubünden/FL
7158;Graubünden/FL
7159;Graubünden/FL
7162;Graubünden/FL
7163;Graubünden/FL
7164;Graubünden/FL
7165;Graubünden/FL
7166;Graubünden/FL
7167;Graubünden/FL
7168;Graubünden/FL
7172;Graubünden/FL
7173;Graubünden/FL
7174;Graubünden/FL
7175;Graubünden/FL
7176;Graubünden/FL
7180;Graubünden/FL
7182;Graubünden/FL
7183;Graubünden/FL
7184;Graubünden/FL
7185;Graubünden/FL
7186;Graubünden/FL
7187;Graubünden/FL
7188;Graubünden/FL
7189;Graubünden/FL
7201;Graubünden/FL
7202;Graubünden/FL
7203;Graubünden/FL
7204;Graubünden/FL
7205;Graubünden/FL
7206;Graubünden/FL
7208;Graubünden/FL
7212;Graubünden/FL
7213;Graubünden/FL
7214;Graubünden/FL
7215;Graubünden/FL
7220;Graubünden/FL
7222;Graubünden/FL
7223;Graubünden/FL
7224;Graubünden/FL
7226;Graubünden/FL
7228;Graubünden/FL
7231;Graubünden/FL
7232;Graubünden/FL
7233;Graubünden/FL
7235;Graubünden/FL
7240;Graubünden/FL
7241;Graubünden/FL
7242;Graubünden/FL
7243;Graubünden/FL
7244;Graubünden/FL
7245;Graubünden/FL
7246;Graubünden/FL
7247;Graubünden/FL
7249;Graubünden/FL
7250;Graubünden/FL
7252;Graubünden/FL
7260;Graubünden/FL
7265;Graubünden/FL
7270;Graubünden/FL
7272;Graubünden/FL
7276;Graubünden/FL
7277;Graubünden/FL
7278;Graubünden/FL
7302;Graubünden/FL
7303;Graubünden/FL
7304;Graubünden/FL
7306;Graubünden/FL
7307;Graubünden/FL
7310;Graubünden/FL
7312;Graubünden/FL
7313;Graubünden/FL
7314;Graubünden/FL
7315;Graubünden/FL
7317;Graubünden/FL
7320;Graubünden/FL
7323;Graubünden/FL
7324;Graubünden/FL
7325;Graubünden/FL
7326;Graubünden/FL
7402;Graubünden/FL
7403;Graubünden/FL
7404;Graubünden/FL
7405;Graubünden/FL
7407;Graubünden/FL
7408;Graubünden/FL
7411;Graubünden/FL
7412;Graubünden/FL
7413;Graubünden/FL
7414;Graubünden/FL
7415;Graubünden/FL
7416;Graubünden/FL
7417;Graubünden/FL
7418;Graubünden/FL
7419;Graubünden/FL
7421;Graubünden/FL
7422;Graubünden/FL
7423;Graubünden/FL
7424;Graubünden/FL
7425;Graubünden/FL
7426;Graubünden/FL
7427;Graubünden/FL
7428;Graubünden/FL
7430;Graubünden/FL
7431;Graubünden/FL
7432;Graubünden/FL
7433;Graubünden/FL
7434;Graubünden/FL
7435;Graubünden/FL
7436;Graubünden/FL
7437;Graubünden/FL
7438;Graubünden/FL
7440;Graubünden/FL
7442;Graubünden/FL
7443;Graubünden/FL
7444;Graubünden/FL
7445;Graubünden/FL
7446;Graubünden/FL
7447;Graubünden/FL
7448;Graubünden/FL
7450;Graubünden/FL
7451;Graubünden/FL
7452;Graubünden/FL
7453;Graubünden/FL
7454;Graubünden/FL
7455;Graubünden/FL
7456;Graubünden/FL
7457;Graubünden/FL
7458;Graubünden/FL
7459;Graubünden/FL
7460;Graubünden/FL
7462;Graubünden/FL
7463;Graubünden/FL
7464;Graubünden/FL
7472;Graubünden/FL
7473;Graubünden/FL
7477;Graubünden/FL
7482;Graubünden/FL
7484;Graubünden/FL
7492;Graubünden/FL
7493;Graubünden/FL
7494;Graubünden/FL
7500;Graubünden/FL
7502;Graubünden/FL
7503;Graubünden/FL
7504;Graubünden/FL
7505;Graubünden/FL
7512;Graubünden/FL
7513;Graubünden/FL
7514;Graubünden/FL
7515;Graubünden/FL
7516;Graubünden/FL
7517;Graubünden/FL
7522;Graubünden/FL
7523;Graubünden/FL
7524;Graubünden/FL
7525;Graubünden/FL
7526;Graubünden/FL
7527;Graubünden/FL
7530;Graubünden/FL
7532;Graubünden/FL
7533;Graubünden/FL
7534;Graubünden/FL
7535;Graubünden/FL
7536;Graubünden/FL
7537;Graubünden/FL
7542;Graubünden/FL
7543;Graubünden/FL
7545;Graubünden/FL
7546;Graubünden/FL
7550;Graubünden/FL
7551;Graubünden/FL
7552;Graubünden/FL
7553;Graubünden/FL
7554;Graubünden/FL
7556;Graubünden/FL
7557;Graubünden/FL
7558;Graubünden/FL
7559;Graubünden/FL
7560;Graubünden/FL
7562;Graubünden/FL
7563;Graubünden/FL
7602;Graubünden/FL
7603;Graubünden/FL
7604;Graubünden/FL
7605;Graubünden/FL
7606;Graubünden/FL
7608;Graubünden/FL
7610;Graubünden/FL
7710;Graubünden/FL
7741;Graubünden/FL
7742;Graubünden/FL
7743;Graubünden/FL
7744;Graubünden/FL
7745;Graubünden/FL
7746;Graubünden/FL
7747;Graubünden/FL
7748;Graubünden/FL
8000;Zürich
8001;Zürich
8002;Zürich
8003;Zürich
8004;Zürich
8005;Zürich
8006;Zürich
8008;Zürich
8012;Zürich
8020;Zürich
8032;Zürich
8037;Zürich
8038;Zürich
8041;Zürich
8044;Zürich
8045;Zürich
8046;Zürich
8047;Zürich
8048;Zürich
8049;Zürich
8050;Zürich
8051;Zürich
8052;Zürich
8053;Zürich
8055;Zürich
8057;Zürich
8063;Zürich
8064;Zürich
8070;Zürich
8071;Zürich
8074;Zürich
8075;Zürich
8080;Zürich
8081;Zürich
8085;Zürich
8086;Zürich
8087;Zürich
8088;Zürich
8090;Zürich
8091;Zürich
8092;Zürich
8096;Zürich
8098;Zürich
8102;Zürich
8103;Zürich
8104;Zürich
8105;Winterthur/S.
8106;Winterthur/S.
8107;Winterthur/S.
8108;Zürich
8109;Zürich
8112;Zürich
8113;Zürich
8114;Zürich
8115;Zürich
8117;Zürich
8118;Zürich
8121;Zürich
8122;Zürich
8123;Zürich
8124;Zürich
8125;Zürich
8126;Zürich
8127;Zürich
8130;Zürich
8132;Zürich
8133;Zürich
8134;Zürich
8135;Zürich
8136;Zürich
8142;Zürich
8143;Zürich
8152;Winterthur/S.
8153;Winterthur/S.
8154;Winterthur/S.
8155;Winterthur/S.
8156;Winterthur/S.
8157;Winterthur/S.
8158;Winterthur/S.
8162;Winterthur/S.
8164;Winterthur/S.
8165;Winterthur/S.
8166;Winterthur/S.
8172;Winterthur/S.
8173;Winterthur/S.
8174;Winterthur/S.
8175;Winterthur/S.
8180;Winterthur/S.
8181;Winterthur/S.
8182;Winterthur/S.
8184;Winterthur/S.
8185;Winterthur/S.
8186;Winterthur/S.
8187;Winterthur/S.
8192;Winterthur/S.
8193;Winterthur/S.
8194;Winterthur/S.
8195;Winterthur/S.
8196;Winterthur/S.
8197;Winterthur/S.
8198;Winterthur/S.
8200;Winterthur/S.
8203;Winterthur/S.
8207;Winterthur/S.
8208;Winterthur/S.
8212;Winterthur/S.
8213;Winterthur/S.
8214;Winterthur/S.
8215;Winterthur/S.
8216;Winterthur/S.
8217;Winterthur/S.
8218;Winterthur/S.
8219;Winterthur/S.
8222;Winterthur/S.
8223;Winterthur/S.
8224;Winterthur/S.
8225;Winterthur/S.
8226;Winterthur/S.
8228;Winterthur/S.
8231;Winterthur/S.
8232;Winterthur/S.
8233;Winterthur/S.
8234;Winterthur/S.
8235;Winterthur/S.
8236;Winterthur/S.
8238;Winterthur/S.
8239;Winterthur/S.
8240;Winterthur/S.
8241;Winterthur/S.
8242;Winterthur/S.
8243;Winterthur/S.
8245;Winterthur/S.
8246;Winterthur/S.
8247;Winterthur/S.
8248;Winterthur/S.
8252;Thurgau
8253;Thurgau
8254;Thurgau
8255;Thurgau
8259;Thurgau
8260;Thurgau
8261;Thurgau
8262;Thurgau
8263;Thurgau
8264;Thurgau
8265;Thurgau
8266;Thurgau
8267;Thurgau
8268;Thurgau
8269;Thurgau
8272;Thurgau
8273;Thurgau
8274;Thurgau
8280;Thurgau
8285;Thurgau
8302;Winterthur/S.
8303;Winterthur/S.
8304;Winterthur/S.
8305;Winterthur/S.
8306;Zürich
8307;Zürich
8308;Zürich
8309;Winterthur/S.
8310;Zürich
8311;Winterthur/S.
8312;Zürich
8314;Zürich
8315;Zürich
8317;Zürich
8320;Zürich
8322;Zürich
8330;Zürich
8331;Zürich
8332;Zürich
8335;Zürich
8340;Zürich
8342;Zürich
8344;Zürich
8345;Zürich
8352;Winterthur/S.
8353;Winterthur/S.
8354;Winterthur/S.
8355;Thurgau
8356;Thurgau
8357;Thurgau
8360;Thurgau
8362;Thurgau
8363;Thurgau
8370;Thurgau
8372;Thurgau
8374;Thurgau
8376;Thurgau
8400;Winterthur/S.
8404;Winterthur/S.
8405;Winterthur/S.
8406;Winterthur/S.
8408;Winterthur/S.
8409;Winterthur/S.
8412;Winterthur/S.
8413;Winterthur/S.
8414;Winterthur/S.
8415;Winterthur/S.
8416;Winterthur/S.
8418;Winterthur/S.
8421;Winterthur/S.
8422;Winterthur/S.
8424;Winterthur/S.
8425;Winterthur/S.
8426;Winterthur/S.
8427;Winterthur/S.
8428;Winterthur/S.
8442;Winterthur/S.
8444;Winterthur/S.
8447;Winterthur/S.
8450;Winterthur/S.
8451;Winterthur/S.
8452;Winterthur/S.
8453;Winterthur/S.
8454;Winterthur/S.
8455;Winterthur/S.
8457;Winterthur/S.
8458;Winterthur/S.
8459;Winterthur/S.
8460;Winterthur/S.
8461;Winterthur/S.
8462;Winterthur/S.
8463;Winterthur/S.
8464;Winterthur/S.
8465;Winterthur/S.
8466;Winterthur/S.
8467;Winterthur/S.
8468;Winterthur/S.
8471;Winterthur/S.
8472;Winterthur/S.
8474;Winterthur/S.
8475;Winterthur/S.
8476;Winterthur/S.
8477;Winterthur/S.
8478;Winterthur/S.
8479;Winterthur/S.
8482;Winterthur/S.
8483;Winterthur/S.
8484;Zürich
8486;Winterthur/S.
8487;Winterthur/S.
8488;Winterthur/S.
8489;Zürich
8492;Winterthur/S.
8493;Winterthur/S.
8494;Winterthur/S.
8495;Winterthur/S.
8496;Winterthur/S.
8497;Winterthur/S.
8498;O. Zürichsee
8499;Winterthur/S.
8500;Thurgau
8505;Thurgau
8506;Thurgau
8507;Thurgau
8508;Thurgau
8510;Thurgau
8512;Thurgau
8514;Thurgau
8522;Thurgau
8523;Winterthur/S.
8524;Thurgau
8525;Thurgau
8526;Thurgau
8532;Thurgau
8535;Thurgau
8536;Thurgau
8537;Thurgau
8542;Winterthur/S.
8543;Thurgau
;Winterthur/S.
8544;Winterthur/S.
8545;Winterthur/S.
8546;Thurgau
;Winterthur/S.
8547;Thurgau
8548;Winterthur/S.
8552;Thurgau
8553;Thurgau
8554;Thurgau
8555;Thurgau
8556;Thurgau
8558;Thurgau
8560;Thurgau
8561;Thurgau
8564;Thurgau
8565;Thurgau
8566;Thurgau
8570;Thurgau
8572;Thurgau
8573;Thurgau
8574;Thurgau
8575;Thurgau
8576;Thurgau
8577;Thurgau
8580;Thurgau
8581;Thurgau
8582;Thurgau
8583;Thurgau
8584;Thurgau
8585;Thurgau
8586;Thurgau
8587;Thurgau
8588;Thurgau
8589;Thurgau
8590;Thurgau
8592;Thurgau
8593;Thurgau
8594;Thurgau
8595;Thurgau
8596;Thurgau
8597;Thurgau
8598;Thurgau
8599;Thurgau
8600;Zürich
8602;Zürich
8603;Zürich
8604;Zürich
8605;Zürich
8606;Zürich
8607;Zürich
8608;O. Zürichsee
8609;Zürich
8610;Zürich
8614;Zürich
8615;Zürich
8616;Zürich
8617;Zürich
8618;Zürich
8620;Zürich
8623;Zürich
8624;Zürich
8625;Zürich
8626;Zürich
8627;Zürich
8630;O. Zürichsee
8632;O. Zürichsee
8633;O. Zürichsee
8634;Zürich
8635;O. Zürichsee
8636;O. Zürichsee
8637;O. Zürichsee
8638;O. Zürichsee
8639;O. Zürichsee
8640;O. Zürichsee
8645;O. Zürichsee
8646;O. Zürichsee
8700;Zürich
8702;Zürich
8703;Zürich
8704;Zürich
8706;Zürich
8707;Zürich
8708;Zürich
8712;Zürich
8713;Zürich
8714;Zürich
8715;O. Zürichsee
8716;O. Zürichsee
8717;O. Zürichsee
8718;O. Zürichsee
8722;O. Zürichsee
8723;O. Zürichsee
8725;O. Zürichsee
8726;O. Zürichsee
8727;O. Zürichsee
8730;O. Zürichsee
8732;O. Zürichsee
8733;O. Zürichsee
8734;O. Zürichsee
8735;O. Zürichsee
8737;O. Zürichsee
8738;O. Zürichsee
8739;O. Zürichsee
8740;O. Zürichsee
8750;O. Zürichsee
8751;Schwyz/Uri
8752;O. Zürichsee
8753;O. Zürichsee
8754;O. Zürichsee
8755;O. Zürichsee
8756;O. Zürichsee
8757;O. Zürichsee
8758;O. Zürichsee
8759;O. Zürichsee
8762;O. Zürichsee
8765;O. Zürichsee
8766;O. Zürichsee
8767;O. Zürichsee
8772;O. Zürichsee
8773;O. Zürichsee
8774;O. Zürichsee
8775;O. Zürichsee
8777;O. Zürichsee
8782;O. Zürichsee
8783;O. Zürichsee
8784;O. Zürichsee
8800;Zürich
8802;Zürich
8803;Zürich
8804;Zürich
8805;Zürich
8806;O. Zürichsee
8807;O. Zürichsee
8808;O. Zürichsee
8810;Zürich
8815;Zürich
8816;Zürich
8820;Zürich
8824;Zürich
8825;Zürich
8832;O. Zürichsee
8833;Zürich
8834;O. Zürichsee
8835;O. Zürichsee
8836;O. Zürichsee
8840;O. Zürichsee
8841;O. Zürichsee
8842;O. Zürichsee
8843;O. Zürichsee
8844;O. Zürichsee
8845;O. Zürichsee
8846;O. Zürichsee
8847;O. Zürichsee
8849;O. Zürichsee
8852;O. Zürichsee
8853;O. Zürichsee
8854;O. Zürichsee
8855;O. Zürichsee
8856;O. Zürichsee
8857;O. Zürichsee
8858;O. Zürichsee
8862;O. Zürichsee
8863;O. Zürichsee
8864;O. Zürichsee
8865;O. Zürichsee
8866;O. Zürichsee
8867;O. Zürichsee
8868;O. Zürichsee
8872;O. Zürichsee
8873;O. Zürichsee
8874;O. Zürichsee
8877;Graubünden/FL
8878;Graubünden/FL
8880;Graubünden/FL
8881;Graubünden/FL
8882;Graubünden/FL
8883;Graubünden/FL
8884;Graubünden/FL
8885;Graubünden/FL
8886;Graubünden/FL
8887;Graubünden/FL
8888;Graubünden/FL
8889;Graubünden/FL
8890;Graubünden/FL
8892;Graubünden/FL
8893;Graubünden/FL
8894;Graubünden/FL
8895;Graubünden/FL
8896;Graubünden/FL
8897;Graubünden/FL
8898;Graubünden/FL
8901;Zürich
8902;Zürich
8903;Zürich
8904;Zürich
8905;Aarau
8906;Zürich
8907;Zürich
8908;Zug/Knonaueramt
8909;Zug/Knonaueramt
8910;Zug/Knonaueramt
8911;Zug/Knonaueramt
8912;Zug/Knonaueramt
8913;Zug/Knonaueramt
8914;Zug/Knonaueramt
8915;Zug/Knonaueramt
8916;Aarau
8917;Aarau
8918;Aarau
8919;Aarau
8925;Zug/Knonaueramt
8926;Zug/Knonaueramt
8932;Zug/Knonaueramt
8933;Zug/Knonaueramt
8934;Zug/Knonaueramt
8942;Zürich
8951;Zürich
8952;Zürich
8953;Zürich
8954;Zürich
8955;Zürich
8956;Baden
8957;Baden
8962;Aarau
8964;Aarau
8965;Aarau
8966;Aarau
8967;Aarau
9000;St. Gallen/A.
9008;St. Gallen/A.
9010;St. Gallen/A.
9011;St. Gallen/A.
9012;St. Gallen/A.
9014;St. Gallen/A.
9015;St. Gallen/A.
9016;St. Gallen/A.
9020;St. Gallen/A.
9022;St. Gallen/A.
9024;St. Gallen/A.
9025;St. Gallen/A.
9026;St. Gallen/A.
9027;St. Gallen/A.
9028;St. Gallen/A.
9029;St. Gallen/A.
9030;St. Gallen/A.
9032;St. Gallen/A.
9033;St. Gallen/A.
9034;St. Gallen/A.
9035;St. Gallen/A.
9036;St. Gallen/A.
9037;St. Gallen/A.
9038;St. Gallen/A.
9042;St. Gallen/A.
9043;St. Gallen/A.
9044;St. Gallen/A.
9050;St. Gallen/A.
9052;St. Gallen/A.
9053;St. Gallen/A.
9054;St. Gallen/A.
9055;St. Gallen/A.
9056;St. Gallen/A.
9057;St. Gallen/A.
9058;St. Gallen/A.
9062;St. Gallen/A.
9063;St. Gallen/A.
9064;St. Gallen/A.
9100;St. Gallen/A.
9103;St. Gallen/A.
9104;St. Gallen/A.
9105;St. Gallen/A.
9107;St. Gallen/A.
9108;St. Gallen/A.
9112;St. Gallen/A.
9113;St. Gallen/A.
9114;St. Gallen/A.
9115;St. Gallen/A.
9116;St. Gallen/A.
9122;St. Gallen/A.
9123;St. Gallen/A.
9125;St. Gallen/A.
9126;St. Gallen/A.
9127;St. Gallen/A.
9200;St. Gallen/A.
9203;St. Gallen/A.
9204;St. Gallen/A.
9205;St. Gallen/A.
9212;St. Gallen/A.
9213;Thurgau
9214;Thurgau
9215;Thurgau
9216;Thurgau
9217;Thurgau
9220;Thurgau
9223;Thurgau
9225;Thurgau
9230;St. Gallen/A.
9231;St. Gallen/A.
9240;St. Gallen/A.
9242;St. Gallen/A.
9243;Thurgau
9244;St. Gallen/A.
9245;St. Gallen/A.
9246;St. Gallen/A.
9247;St. Gallen/A.
9248;St. Gallen/A.
9249;St. Gallen/A.
9300;St. Gallen/A.
9304;St. Gallen/A.
9305;St. Gallen/A.
9306;St. Gallen/A.
9308;St. Gallen/A.
9312;St. Gallen/A.
9313;St. Gallen/A.
9314;Thurgau
9315;St. Gallen/A.
9320;St. Gallen/A.
9322;St. Gallen/A.
9323;St. Gallen/A.
9325;St. Gallen/A.
9326;St. Gallen/A.
9327;St. Gallen/A.
9400;St. Gallen/A.
9402;St. Gallen/A.
9403;St. Gallen/A.
9404;St. Gallen/A.
9405;St. Gallen/A.
9410;St. Gallen/A.
9411;St. Gallen/A.
9413;St. Gallen/A.
9414;St. Gallen/A.
9422;St. Gallen/A.
9423;St. Gallen/A.
9424;St. Gallen/A.
9425;St. Gallen/A.
9426;St. Gallen/A.
9427;St. Gallen/A.
9428;St. Gallen/A.
9430;St. Gallen/A.
9434;St. Gallen/A.
9435;St. Gallen/A.
9436;St. Gallen/A.
9437;St. Gallen/A.
9442;St. Gallen/A.
9443;St. Gallen/A.
9444;St. Gallen/A.
9445;St. Gallen/A.
9450;St. Gallen/A.
9451;St. Gallen/A.
9452;St. Gallen/A.
9453;St. Gallen/A.
9462;St. Gallen/A.
9463;St. Gallen/A.
9464;St. Gallen/A.
9465;St. Gallen/A.
9466;St. Gallen/A.
9467;St. Gallen/A.
9468;St. Gallen/A.
9469;St. Gallen/A.
9470;St. Gallen/A.
9472;St. Gallen/A.
9473;St. Gallen/A.
9475;Graubünden/FL
9476;Graubünden/FL
9477;Graubünden/FL
9478;Graubünden/FL
9479;Graubünden/FL
9485;F Liechtenstein
9486;F Liechtenstein
9487;F Liechtenstein
9488;F Liechtenstein
9489;F Liechtenstein
9490;F Liechtenstein
9491;F Liechtenstein
9492;F Liechtenstein
9493;F Liechtenstein
9494;F Liechtenstein
9495;F Liechtenstein
9496;F Liechtenstein
9497;F Liechtenstein
9498;F Liechtenstein
9500;Thurgau
9502;Thurgau
9503;Thurgau
9504;Thurgau
9506;Thurgau
9507;Thurgau
9508;Thurgau
9512;Thurgau
9514;Thurgau
9515;Thurgau
9517;Thurgau
9523;Thurgau
9524;Thurgau
9525;Thurgau
9526;Thurgau
9527;St. Gallen/A.
9532;Thurgau
9533;Thurgau
9534;St. Gallen/A.
9535;Thurgau
9536;Thurgau
9542;Thurgau
9543;Thurgau
9545;Thurgau
9546;Thurgau
9547;Thurgau
9548;Thurgau
9552;Thurgau
9553;Thurgau
9554;Thurgau
9555;Thurgau
9556;Thurgau
9562;Thurgau
9565;Thurgau
9573;Thurgau
9601;St. Gallen/A.
9602;St. Gallen/A.
;Thurgau
9604;St. Gallen/A.
9606;St. Gallen/A.
9607;St. Gallen/A.
9608;St. Gallen/A.
9612;St. Gallen/A.
9613;St. Gallen/A.
9614;St. Gallen/A.
9615;St. Gallen/A.
9620;St. Gallen/A.
9621;St. Gallen/A.
9622;St. Gallen/A.
9630;St. Gallen/A.
9631;St. Gallen/A.
9633;St. Gallen/A.
9642;St. Gallen/A.
9643;St. Gallen/A.
9650;St. Gallen/A.
9651;St. Gallen/A.
9652;St. Gallen/A.
9655;St. Gallen/A.
9656;St. Gallen/A.
9657;St. Gallen/A.
9658;St. Gallen/A.
